<wpml-config>
	<custom-fields>
		<custom-field action="copy-once" encoding="json">blocksy_post_meta_options</custom-field>
		<custom-field action="copy">template_type</custom-field>
	</custom-fields>

	<custom-term-fields>
		<custom-term-field action="copy-once">blocksy_taxonomy_meta_options</custom-term-field>
	</custom-term-fields>

	<admin-texts>
		<key name="theme_mods_blocksy">
			<key name="blog_load_more_label" />
			<key name="trending_block_label" />
			<key name="woo_load_more_label" />
			<key name="single_blog_post_related_label" />
			<key name="cookie_consent_content" />
			<key name="cookie_consent_button_text" />
			<key name="cookie_consent_decline_button_text" />
			<key name="forms_cookie_consent_content" />
			<key name="single_blog_post_share_box_title" />
			<key name="facebook" />
			<key name="twitter" />
			<key name="instagram" />
			<key name="pinterest" />
			<key name="dribbble" />
			<key name="behance" />
			<key name="unsplash" />
			<key name="five-hundred-px" />
			<key name="linkedin" />
			<key name="wordpress" />
			<key name="parler" />
			<key name="mastodon" />
			<key name="medium" />
			<key name="slack" />
			<key name="codepen" />
			<key name="reddit" />
			<key name="twitch" />
			<key name="tiktok" />
			<key name="snapchat" />
			<key name="spotify" />
			<key name="soundcloud" />
			<key name="apple_podcast" />
			<key name="patreon" />
			<key name="alignable" />
			<key name="skype" />
			<key name="github" />
			<key name="gitlab" />
			<key name="youtube" />
			<key name="vimeo" />
			<key name="dtube" />
			<key name="facebook_group" />
			<key name="discord" />
			<key name="tripadvisor" />
			<key name="foursquare" />
			<key name="yelp" />
			<key name="vk" />
			<key name="ok" />
			<key name="rss" />
			<key name="xing" />
			<key name="whatsapp" />
			<key name="viber" />
			<key name="telegram" />
			<key name="line" />
			<key name="weibo" />
			<key name="tumblr" />
			<key name="qq" />
			<key name="wechat" />
			<key name="strava" />
			<key name="flickr" />
			<key name="phone" />
			<key name="email" />
			<key name="free_not_enought_message" />
			<key name="free_enought_message" />
			<key name="breadcrumb_home_text" />
		</key>

		<key name="theme_mods_blocksy-child">
			<key name="blog_load_more_label" />
			<key name="trending_block_label" />
			<key name="woo_load_more_label" />
			<key name="single_blog_post_related_label" />
			<key name="cookie_consent_content" />
			<key name="cookie_consent_button_text" />
			<key name="cookie_consent_decline_button_text" />
			<key name="forms_cookie_consent_content" />
			<key name="single_blog_post_share_box_title" />
			<key name="facebook" />
			<key name="twitter" />
			<key name="instagram" />
			<key name="pinterest" />
			<key name="dribbble" />
			<key name="behance" />
			<key name="unsplash" />
			<key name="five-hundred-px" />
			<key name="linkedin" />
			<key name="wordpress" />
			<key name="parler" />
			<key name="mastodon" />
			<key name="medium" />
			<key name="slack" />
			<key name="codepen" />
			<key name="reddit" />
			<key name="twitch" />
			<key name="tiktok" />
			<key name="snapchat" />
			<key name="spotify" />
			<key name="soundcloud" />
			<key name="apple_podcast" />
			<key name="patreon" />
			<key name="alignable" />
			<key name="skype" />
			<key name="github" />
			<key name="gitlab" />
			<key name="youtube" />
			<key name="vimeo" />
			<key name="dtube" />
			<key name="facebook_group" />
			<key name="discord" />
			<key name="tripadvisor" />
			<key name="foursquare" />
			<key name="yelp" />
			<key name="vk" />
			<key name="ok" />
			<key name="rss" />
			<key name="xing" />
			<key name="whatsapp" />
			<key name="viber" />
			<key name="telegram" />
			<key name="line" />
			<key name="weibo" />
			<key name="tumblr" />
			<key name="qq" />
			<key name="wechat" />
			<key name="strava" />
			<key name="flickr" />
			<key name="phone" />
			<key name="email" />
			<key name="free_not_enought_message" />
			<key name="free_enought_message" />
			<key name="breadcrumb_home_text" />
		</key>
	</admin-texts>
</wpml-config>
